Synonym_pair_id,Synonym
1,pretty
1,reasonably
2,excellent
2,splendid
3,also
3,likewise
4,human
4,man
5,absolutely
5,dead
6,late
6,lately
7,moderately
7,pretty
8,particular
8,specific
9,nerve-racking
9,stressful
10,apiece
10,each
11,all
11,totally
12,completely
12,entirely
13,nowadays
13,today
14,former
14,sometime
15,flick
15,movie
16,however
16,notwithstanding
17,half
17,one-half
18,midday
18,noonday
19,architect
19,designer
20,holidaymaker
20,tourist
21,agenda
21,schedule
22,almost
22,virtually
23,jolly
23,pretty
24,certainly
24,surely
25,cheap
25,inexpensive
26,bye-bye
26,goodbye
27,passably
27,pretty
28,limo
28,limousine
29,nightlong
29,overnight
30,might
30,power
31,spell
31,while
32,considerably
32,well
33,all
33,entirely
34,definitely
34,unquestionably
35,unfortunately
35,unluckily
36,early
36,other
37,movie
37,pic
38,in-between
38,mediate
39,in-between
39,middle
40,horrible
40,horrifying
41,individual
41,person
42,however
42,still
43,docket
43,schedule
44,but
44,merely
45,after
45,afterwards
46,certainly
46,sure
47,lately
47,recently
48,lately
48,latterly
49,maybe
49,perchance
50,someone
50,soul
51,absolutely
51,perfectly
52,cipher
52,nothing
53,defer
53,postpone
54,postpone
54,remit
55,minimal
55,minimum
56,postpone
56,shelve
57,afterwards
57,later
58,necessary
58,necessity
59,however
59,yet
60,anyplace
60,anywhere
61,pretty
61,somewhat
62,exhibition
62,expo
63,person
63,soul
64,roughly
64,some
65,airplane
65,plane
66,grand
66,wonderful
67,completely
67,whole
68,eatery
68,restaurant
69,lunch
69,luncheon
70,perchance
70,possibly
71,however
71,nevertheless
72,howling
72,wonderful
73,decidedly
73,definitely
74,cultural
74,ethnic
75,individual
75,somebody
76,almost
76,near
77,movie
77,picture
78,nothing
78,zip
79,obviously
79,plainly
80,horrible
80,ugly
81,respective
81,several
82,now
82,today
83,regrettably
83,unfortunately
84,completely
84,wholly
85,perchance
85,perhaps
86,dealings
86,traffic
87,different
87,unlike
88,but
88,simply
89,delight
89,please
90,marvellous
90,wonderful
91,individual
91,someone
92,somebody
92,soul
93,department
93,section
94,anterior
94,prior
95,due
95,imputable
96,normally
96,usually
97,almost
97,most
98,terrific
98,wonderful
99,wonderful
99,wondrous
100,apparently
100,obviously
101,perhaps
101,possibly
102,possible
102,potential
103,afterwards
103,subsequently
104,frightful
104,horrible
105,manifestly
105,obviously
106,all
106,altogether
107,aeroplane
107,airplane
108,moldiness
108,must
109,all-night
109,overnight
110,obviously
110,plain
111,however
111,nonetheless
112,midday
112,noon
113,affair
113,thing
114,shuttle
114,shuttlecock
115,anyhow
115,anyways
116,piece
116,while
117,any
117,whatever
118,tremendous
118,wonderful
119,almost
119,nearly
120,essential
120,necessary
121,deserve
121,merit
122,but
122,only
123,noon
123,noonday
124,bird
124,shuttle
125,person
125,somebody
126,old
126,sometime
127,postpone
127,table
128,fantastic
128,wonderful
129,presently
129,soon
130,necessary
130,requirement
131,excellent
131,first-class
132,after
132,subsequently
133,film
133,movie
134,mortal
134,person
135,accessible
135,approachable
136,international
136,outside
137,nothing
137,null
138,different
138,dissimilar
139,ascribable
139,due
140,person
140,someone
141,baggage
141,luggage
142,absolutely
142,utterly
143,frankly
143,honestly
144,someplace
144,somewhere
145,shortly
145,soon
146,dad
146,pop
147,particular
147,picky
148,commodious
148,convenient
149,mortal
149,someone
150,nothing
150,zero
151,common
151,usual
152,several
152,various
153,unremarkably
153,usually
154,altogether
154,completely
155,definitely
155,emphatically
156,external
156,international
157,basically
157,fundamentally
158,all
158,completely
159,apartment
159,flat
160,deduct
160,subtract
161,but
161,just
162,free
162,rid
163,commonly
163,usually
164,matter
164,thing
165,inside
165,within
166,evidently
166,obviously
167,expo
167,exposition
168,any
168,whatsoever
169,maybe
169,possibly
170,pub
170,saloon
171,fairly
171,pretty
172,mortal
172,somebody
173,due
173,referable
174,ordinarily
174,usually
175,around
175,some
176,all
176,whole
177,after
177,later
178,somebody
178,someone
179,bye
179,goodbye
180,rattling
180,wonderful
181,hello
181,hi
182,completely
182,totally
183,amusement
183,entertainment
184,finicky
184,picky
185,whatever
185,whatsoever
186,former
186,other
187,also
187,besides
188,maybe
188,perhaps
189,onetime
189,sometime
190,comparatively
190,relatively
191,doodle
191,scribble
192,stressful
192,trying
193,all
193,wholly
194,atrocious
194,horrible
195,huge
195,immense
196,approximately
196,some
197,fussy
197,picky
198,considerably
198,substantially
199,candidly
199,frankly
200,nil
200,nothing
